{
	"credit": "Made with Blockbench",
	"texture_size": [32, 32],
	"textures": {
		"0": "./paketik1",
		"particle": "./paketik1"
	},
	"elements": [
		{
			"from": [7, 0, 2],
			"to": [9, 13, 14],
			"faces": {
				"north": {"uv": [14, 2, 15, 8.5], "texture": "#0"},
				"east": {"uv": [8, 2, 14, 8.5], "texture": "#0"},
				"south": {"uv": [14, 2, 15, 8.5], "texture": "#0"},
				"west": {"uv": [8, 2, 14, 8.5], "texture": "#0"},
				"up": {"uv": [8, 13, 7, 7], "texture": "#0"},
				"down": {"uv": [8, 1, 7, 7], "texture": "#0"}
			}
		},
		{
			"from": [7, 13, 4],
			"to": [9, 15, 12],
			"faces": {
				"north": {"uv": [0, 0, 1, 1], "texture": "#0"},
				"east": {"uv": [8, 0, 12, 1], "texture": "#0"},
				"south": {"uv": [0, 0, 1, 1], "texture": "#0"},
				"west": {"uv": [8, 0, 12, 1], "texture": "#0"},
				"up": {"uv": [9, 13.5, 8, 9.5], "texture": "#0"},
				"down": {"uv": [6, 0, 4, 2], "texture": "#0"}
			}
		},
		{
			"from": [6, 0, 3],
			"to": [7, 11, 13],
			"faces": {
				"north": {"uv": [15.5, 2.5, 16, 8], "texture": "#0"},
				"east": {"uv": [0, 2, 2, 4], "texture": "#0"},
				"south": {"uv": [15.5, 2.5, 16, 8], "texture": "#0"},
				"west": {"uv": [0, 6, 5, 11.5], "texture": "#0"},
				"up": {"uv": [16, 16, 15.5, 11], "texture": "#0"},
				"down": {"uv": [15.5, 11, 15, 16], "texture": "#0"}
			}
		},
		{
			"from": [9, 0, 3],
			"to": [10, 11, 13],
			"faces": {
				"north": {"uv": [15.5, 2.5, 16, 8], "texture": "#0"},
				"east": {"uv": [0, 6, 5, 11.5], "texture": "#0"},
				"south": {"uv": [15.5, 2.5, 16, 8], "texture": "#0"},
				"west": {"uv": [0, 2, 8, 3], "texture": "#0"},
				"up": {"uv": [16, 16, 15.5, 11], "texture": "#0"},
				"down": {"uv": [15.5, 11, 15, 16], "texture": "#0"}
			}
		}
	],
	"display": {
		"thirdperson_righthand": {
			"rotation": [43.22, -14.14, -6.31],
			"translation": [0, -0.25, -0.5],
			"scale": [0.4043, 0.4043, 0.4043]
		},
		"thirdperson_lefthand": {
			"rotation": [41.44, 8.55, 4.17],
			"scale": [0.44727, 0.44727, 0.44727]
		},
		"firstperson_righthand": {
			"rotation": [9.39, 17.74, -28.46],
			"translation": [3, 0, -4.75],
			"scale": [0.63281, 0.63281, 0.63281]
		},
		"firstperson_lefthand": {
			"rotation": [0, 24.5, -11.5],
			"translation": [0.75, 0, -4]
		},
		"ground": {
			"rotation": [11.72, -11.59, -88.95],
			"translation": [0, 2, 0],
			"scale": [0.60352, 0.60352, 0.60352]
		},
		"gui": {
			"rotation": [19.47, -51.99, 50.27],
			"scale": [0.80859, 0.80859, 0.80859]
		},
		"fixed": {
			"rotation": [0, -90, 0]
		}
	}
}