{
	"credit": "Made with Blockbench",
	"textures": {
		"0": "item/cookie",
		"particle": "item/cookie"
	},
	"elements": [
		{
			"from": [2, 6, 6],
			"to": [14, 17, 10],
			"faces": {
				"north": {"uv": [0, 0, 12, 11], "texture": "#0"},
				"east": {"uv": [12, 0, 16, 11], "texture": "#0"},
				"south": {"uv": [0, 0, 12, 11], "texture": "#0"},
				"west": {"uv": [12, 0, 16, 11], "texture": "#0"},
				"up": {"uv": [0, 12, 12, 16], "texture": "#0"},
				"down": {"uv": [0, 12, 12, 16], "texture": "#0"}
			}
		},
		{
			"from": [2, 18, -1],
			"to": [14, 21, 1],
			"rotation": {"angle": 22.5, "axis": "x", "origin": [0, 0, 0]},
			"faces": {
				"north": {"uv": [0, 13, 12, 16], "texture": "#0"},
				"east": {"uv": [14, 13, 16, 16], "texture": "#0"},
				"south": {"uv": [0, 0, 12, 3], "texture": "#0"},
				"west": {"uv": [14, 13, 16, 16], "texture": "#0"},
				"up": {"uv": [0, 0, 12, 2], "texture": "#0"},
				"down": {"uv": [0, 0, 12, 2], "texture": "#0"}
			}
		},
		{
			"from": [2, 11.75, 13.75],
			"to": [14, 15, 15.75],
			"rotation": {"angle": -22.5, "axis": "x", "origin": [0, 0, 0]},
			"faces": {
				"north": {"uv": [0, 0, 12, 3.25], "texture": "#0"},
				"east": {"uv": [14, 12.75, 16, 16], "texture": "#0"},
				"south": {"uv": [0, 12.75, 12, 16], "texture": "#0"},
				"west": {"uv": [14, 12.75, 16, 16], "texture": "#0"},
				"up": {"uv": [0, 0, 12, 2], "texture": "#0"},
				"down": {"uv": [0, 0, 12, 2], "texture": "#0"}
			}
		},
		{
			"from": [2.5, 18, 7],
			"to": [13.5, 21, 9],
			"faces": {
				"north": {"uv": [0, 11, 11, 14], "texture": "#0"},
				"east": {"uv": [0, 0, 2, 3], "texture": "#0"},
				"south": {"uv": [0, 11, 11, 14], "texture": "#0"},
				"west": {"uv": [0, 0, 2, 3], "texture": "#0"},
				"up": {"uv": [0, 12, 11, 13], "texture": "#0"},
				"down": {"uv": [1, 0, 12, 2], "texture": "#0"}
			}
		},
		{
			"from": [-5.75, 18.25, 7],
			"to": [-3.75, 20.25, 9],
			"rotation": {"angle": -22.5, "axis": "z", "origin": [0, 0, 0]},
			"faces": {
				"north": {"uv": [12, 11, 14, 13], "texture": "#0"},
				"east": {"uv": [0, 0, 2, 2], "texture": "#0"},
				"south": {"uv": [12, 11, 14, 13], "texture": "#0"},
				"west": {"uv": [12, 11, 14, 13], "texture": "#0"},
				"up": {"uv": [0, 0, 2, 2], "texture": "#0"},
				"down": {"uv": [0, 0, 2, 2], "texture": "#0"}
			}
		},
		{
			"from": [18.5, 12.25, 7],
			"to": [20.5, 14.25, 9],
			"rotation": {"angle": 22.5, "axis": "z", "origin": [0, 0, 0]},
			"faces": {
				"north": {"uv": [12, 11, 14, 13], "texture": "#0"},
				"east": {"uv": [12, 11, 14, 13], "texture": "#0"},
				"south": {"uv": [12, 11, 14, 13], "texture": "#0"},
				"west": {"uv": [0, 0, 2, 2], "texture": "#0"},
				"up": {"uv": [0, 0, 2, 2], "texture": "#0"},
				"down": {"uv": [0, 0, 2, 2], "texture": "#0"}
			}
		},
		{
			"from": [2.5, 2, 7],
			"to": [13.5, 5, 9],
			"rotation": {"angle": 0, "axis": "x", "origin": [0, 23, 16]},
			"faces": {
				"north": {"uv": [0, 11, 11, 14], "rotation": 180, "texture": "#0"},
				"east": {"uv": [0, 0, 2, 3], "rotation": 180, "texture": "#0"},
				"south": {"uv": [0, 11, 11, 14], "rotation": 180, "texture": "#0"},
				"west": {"uv": [0, 0, 2, 3], "rotation": 180, "texture": "#0"},
				"up": {"uv": [0, 0, 11, 2], "texture": "#0"},
				"down": {"uv": [0, 11, 11, 12], "texture": "#0"}
			}
		},
		{
			"from": [2, 8, 0.25],
			"to": [14, 11.25, 2.25],
			"rotation": {"angle": -22.5, "axis": "x", "origin": [0, 23, 16]},
			"faces": {
				"north": {"uv": [0, 12.75, 12, 16], "rotation": 180, "texture": "#0"},
				"east": {"uv": [14, 12.75, 16, 16], "rotation": 180, "texture": "#0"},
				"south": {"uv": [0, 0, 12, 3.25], "rotation": 180, "texture": "#0"},
				"west": {"uv": [14, 12.75, 16, 16], "rotation": 180, "texture": "#0"},
				"up": {"uv": [0, 0, 12, 2], "texture": "#0"},
				"down": {"uv": [0, 0, 12, 2], "texture": "#0"}
			}
		},
		{
			"from": [2, 2, 15],
			"to": [14, 5, 17],
			"rotation": {"angle": 22.5, "axis": "x", "origin": [0, 23, 16]},
			"faces": {
				"north": {"uv": [0, 0, 12, 3], "rotation": 180, "texture": "#0"},
				"east": {"uv": [14, 13, 16, 16], "rotation": 180, "texture": "#0"},
				"south": {"uv": [0, 13, 12, 16], "rotation": 180, "texture": "#0"},
				"west": {"uv": [14, 13, 16, 16], "rotation": 180, "texture": "#0"},
				"up": {"uv": [0, 0, 12, 2], "texture": "#0"},
				"down": {"uv": [0, 0, 12, 2], "texture": "#0"}
			}
		},
		{
			"from": [-1.11176, 2.67804, 7],
			"to": [0.88824, 4.67804, 9],
			"rotation": {"angle": 22.5, "axis": "z", "origin": [2, 11, 8]},
			"faces": {
				"north": {"uv": [12, 11, 14, 13], "rotation": 180, "texture": "#0"},
				"east": {"uv": [0, 0, 2, 2], "rotation": 180, "texture": "#0"},
				"south": {"uv": [12, 11, 14, 13], "rotation": 180, "texture": "#0"},
				"west": {"uv": [12, 11, 14, 13], "rotation": 180, "texture": "#0"},
				"up": {"uv": [0, 0, 2, 2], "rotation": 180, "texture": "#0"},
				"down": {"uv": [0, 0, 2, 2], "rotation": 180, "texture": "#0"}
			}
		},
		{
			"from": [14.96995, 2.93779, 7],
			"to": [16.96995, 4.93779, 9],
			"rotation": {"angle": -22.5, "axis": "z", "origin": [13, 11, 8]},
			"faces": {
				"north": {"uv": [12, 11, 14, 13], "rotation": 180, "texture": "#0"},
				"east": {"uv": [12, 11, 14, 13], "rotation": 180, "texture": "#0"},
				"south": {"uv": [12, 11, 14, 13], "rotation": 180, "texture": "#0"},
				"west": {"uv": [0, 0, 2, 2], "rotation": 180, "texture": "#0"},
				"up": {"uv": [0, 0, 2, 2], "rotation": 180, "texture": "#0"},
				"down": {"uv": [0, 0, 2, 2], "rotation": 180, "texture": "#0"}
			}
		}
	],
	"display": {
		"thirdperson_righthand": {
			"rotation": [-51.83, -68.37, -93.17],
			"translation": [0.5, 0.25, 0.75],
			"scale": [0.5, 0.5, 0.7]
		},
		"thirdperson_lefthand": {
			"rotation": [-115.24, 67.36, 174.5],
			"translation": [0.75, -4.5, -4],
			"scale": [0.5, 0.5, 0.7]
		},
		"firstperson_righthand": {
			"rotation": [-11.21, -33.12, -19.87],
			"translation": [1.5, 0.25, -1.5],
			"scale": [0.5, 0.5, 0.7]
		},
		"firstperson_lefthand": {
			"rotation": [-3.59, -61.72, -5.3],
			"translation": [2.5, -3, 0],
			"scale": [0.5, 0.5, 0.7]
		},
		"ground": {
			"rotation": [-82.67, 13.85, 35.64],
			"translation": [0, -1.5, 0],
			"scale": [0.5, 0.5, 0.7]
		},
		"gui": {
			"rotation": [-13.88, -33, -24.37],
			"translation": [-1.5, -2.5, 0],
			"scale": [0.9, 0.9, 1.1]
		},
		"head": {
			"translation": [0, -4, 0],
			"scale": [1.20508, 1.16602, 3.24609]
		},
		"fixed": {
			"translation": [-0.5, -3.25, 0],
			"scale": [0.9, 0.9, 1.1]
		}
	},
	"groups": [
		0,
		{
			"name": "group",
			"origin": [0, 0, 0],
			"color": 0,
			"children": [1, 2, 3, 4, 5]
		},
		{
			"name": "2",
			"origin": [0, 0, 0],
			"color": 0,
			"children": [
				{
					"name": "group",
					"origin": [0, 0, 0],
					"color": 0,
					"children": [6, 7, 8]
				},
				9,
				10
			]
		}
	]
}