{
	"credit": "Made with Blockbench",
	"textures": {
		"0": "item/emerald",
		"particle": "item/emerald"
	},
	"elements": [
		{
			"from": [4, 0, 1],
			"to": [11, 1, 15],
			"faces": {
				"north": {"uv": [0, 15, 7, 16], "texture": "#0"},
				"east": {"uv": [0, 15, 14, 16], "texture": "#0"},
				"south": {"uv": [0, 15, 7, 16], "texture": "#0"},
				"west": {"uv": [0, 15, 14, 16], "texture": "#0"},
				"up": {"uv": [0, 0, 7, 14], "texture": "#0"},
				"down": {"uv": [0, 0, 7, 14], "texture": "#0"}
			}
		}
	],
	"display": {
		"thirdperson_righthand": {
			"rotation": [14, 88, 4],
			"translation": [0.25, 6.5, 0.5],
			"scale": [0.59, 1, 0.77]
		},
		"thirdperson_lefthand": {
			"rotation": [14, 88, 4],
			"translation": [0.25, 5.75, 0.75],
			"scale": [0.59, 1, 0.77]
		},
		"firstperson_righthand": {
			"rotation": [0, 92, 0],
			"translation": [0, 7, -4],
			"scale": [1, 1.01, 1]
		},
		"firstperson_lefthand": {
			"rotation": [0, 160, 0],
			"translation": [1, 8, 0]
		},
		"ground": {
			"rotation": [2, 4, 0],
			"translation": [0, 4.75, 0],
			"scale": [1.07, 1.01, 0.98]
		},
		"gui": {
			"rotation": [90, 90, 0],
			"scale": [1.07, 1.07, 1.07]
		},
		"head": {
			"rotation": [0, 96, 0],
			"translation": [2.25, -15.5, 0],
			"scale": [4, 4, 4]
		},
		"fixed": {
			"rotation": [89, 90, -1],
			"translation": [0, 0.5, 7.5]
		}
	}
}