{
	"credit": "Made with Blockbench",
	"textures": {
		"0": "item/ink_sac",
		"particle": "item/ink_sac"
	},
	"elements": [
		{
			"from": [1, 0, 4],
			"to": [15, 1, 12],
			"rotation": {"angle": 0, "axis": "y", "origin": [9, 8, 12]},
			"faces": {
				"north": {"uv": [0, 8, 14, 9], "texture": "#0"},
				"east": {"uv": [0, 8, 14, 9], "texture": "#0"},
				"south": {"uv": [0, 8, 14, 9], "texture": "#0"},
				"west": {"uv": [0, 8, 14, 9], "texture": "#0"},
				"up": {"uv": [0, 0, 14, 8], "texture": "#0"},
				"down": {"uv": [0, 0, 14, 8], "texture": "#0"}
			}
		}
	],
	"display": {
		"thirdperson_righthand": {
			"rotation": [72.25, -85.5, 1.5],
			"translation": [-0.25, 4.5, 7.5],
			"scale": [0.62305, 1, 0.5332]
		},
		"thirdperson_lefthand": {
			"rotation": [74.25, -272, 0],
			"translation": [0, 2.75, 7.5],
			"scale": [0.52344, 1, 0.54297]
		},
		"firstperson_righthand": {
			"rotation": [0, 36.5, 23.25],
			"translation": [0, 7.25, 0]
		},
		"firstperson_lefthand": {
			"rotation": [12.75, -47, 0],
			"translation": [0, 8.25, 0]
		},
		"ground": {
			"translation": [0, 6.5, 0],
			"scale": [0.77148, 1, 0.83398]
		},
		"gui": {
			"rotation": [82.75, 46.25, 3.25]
		},
		"head": {
			"translation": [0, 14.25, 0]
		},
		"fixed": {
			"rotation": [-84.25, -46, 0.75],
			"translation": [0, 0, -8.75]
		}
	}
}