{
	"credit": "Made with Blockbench",
	"textures": {
		"0": "item/stone_sword",
		"particle": "item/stone_sword"
	},
	"elements": [
		{
			"from": [7, 0, 7],
			"to": [9, 18, 9],
			"rotation": {"angle": 0, "axis": "y", "origin": [15, 8, 15]},
			"faces": {
				"north": {"uv": [3, 11, 5, 13], "texture": "#0"},
				"east": {"uv": [3, 11, 5, 13], "texture": "#0"},
				"south": {"uv": [3, 11, 5, 13], "texture": "#0"},
				"west": {"uv": [3, 11, 5, 13], "texture": "#0"},
				"up": {"uv": [3, 11, 5, 13], "texture": "#0"},
				"down": {"uv": [3, 11, 5, 13], "texture": "#0"}
			}
		},
		{
			"from": [6, 6, 7],
			"to": [10, 17, 9],
			"rotation": {"angle": 0, "axis": "y", "origin": [14, 14, 16]},
			"faces": {
				"north": {"uv": [9, 5, 11, 7], "texture": "#0"},
				"east": {"uv": [10, 4, 12, 6], "texture": "#0"},
				"south": {"uv": [9, 5, 11, 7], "texture": "#0"},
				"west": {"uv": [9, 5, 11, 7], "texture": "#0"},
				"up": {"uv": [10, 4, 12, 6], "texture": "#0"},
				"down": {"uv": [10, 4, 12, 6], "texture": "#0"}
			}
		},
		{
			"from": [7, 6, 6],
			"to": [9, 17, 10],
			"rotation": {"angle": 0, "axis": "y", "origin": [0, 14, 14]},
			"faces": {
				"north": {"uv": [9, 5, 11, 7], "texture": "#0"},
				"east": {"uv": [10, 4, 12, 6], "texture": "#0"},
				"south": {"uv": [9, 5, 11, 7], "texture": "#0"},
				"west": {"uv": [9, 5, 11, 7], "texture": "#0"},
				"up": {"uv": [10, 4, 12, 6], "rotation": 90, "texture": "#0"},
				"down": {"uv": [10, 4, 12, 6], "rotation": 270, "texture": "#0"}
			}
		},
		{
			"from": [6, 11, 6],
			"to": [10, 16, 10],
			"rotation": {"angle": 0, "axis": "y", "origin": [17, 20, 14]},
			"faces": {
				"north": {"uv": [9, 5, 11, 7], "texture": "#0"},
				"east": {"uv": [10, 4, 12, 6], "texture": "#0"},
				"south": {"uv": [9, 5, 11, 7], "texture": "#0"},
				"west": {"uv": [9, 5, 11, 7], "texture": "#0"},
				"up": {"uv": [10, 4, 12, 6], "texture": "#0"},
				"down": {"uv": [10, 4, 12, 6], "texture": "#0"}
			}
		},
		{
			"from": [6.5, 0, 6.5],
			"to": [9.5, 1, 9.5],
			"rotation": {"angle": 0, "axis": "y", "origin": [14.5, 8, 14.5]},
			"faces": {
				"north": {"uv": [8, 6, 10, 8], "texture": "#0"},
				"east": {"uv": [10, 4, 12, 6], "texture": "#0"},
				"south": {"uv": [9, 5, 11, 7], "texture": "#0"},
				"west": {"uv": [9, 5, 11, 7], "texture": "#0"},
				"up": {"uv": [10, 4, 12, 6], "texture": "#0"},
				"down": {"uv": [10, 4, 12, 6], "texture": "#0"}
			}
		}
	],
	"display": {
		"thirdperson_righthand": {
			"rotation": [0, -34.75, -2.75],
			"translation": [0, 2.75, 1.75],
			"scale": [1, 1.03906, 1]
		},
		"thirdperson_lefthand": {
			"rotation": [-121.75, -336.5, 356.25],
			"translation": [0, -3.25, -1.75],
			"scale": [1, 1.04102, 1]
		},
		"firstperson_righthand": {
			"rotation": [0, 0, -10],
			"translation": [0, 5, 0]
		},
		"firstperson_lefthand": {
			"rotation": [0, 0, 175.5],
			"translation": [2.25, -2.75, 0]
		},
		"ground": {
			"rotation": [0, 0, -84.25]
		},
		"gui": {
			"rotation": [10.5, -42.25, 32.5]
		},
		"head": {
			"rotation": [86, -38.75, -24],
			"translation": [0, 7.75, 0]
		},
		"fixed": {
			"rotation": [0, 0, 32.75]
		}
	}
}