{
	"credit": "Made with Blockbench",
	"textures": {
		"0": "item/wooden_hoe",
		"particle": "item/wooden_hoe"
	},
	"elements": [
		{
			"from": [7, 3, 7],
			"to": [9, 17, 9],
			"faces": {
				"north": {"uv": [14, 0, 16, 14], "texture": "#0"},
				"east": {"uv": [14, 0, 16, 14], "texture": "#0"},
				"south": {"uv": [14, 0, 16, 14], "texture": "#0"},
				"west": {"uv": [14, 0, 16, 14], "texture": "#0"},
				"up": {"uv": [14, 0, 16, 2], "texture": "#0"},
				"down": {"uv": [14, 12, 16, 14], "texture": "#0"}
			}
		},
		{
			"from": [7, 15, 9],
			"to": [9, 17, 11],
			"faces": {
				"north": {"uv": [0, 0, 2, 2], "texture": "#0"},
				"east": {"uv": [2, 0, 4, 2], "texture": "#0"},
				"south": {"uv": [0, 0, 2, 2], "texture": "#0"},
				"west": {"uv": [2, 0, 4, 2], "texture": "#0"},
				"up": {"uv": [0, 0, 2, 2], "texture": "#0"},
				"down": {"uv": [0, 0, 2, 2], "texture": "#0"}
			}
		},
		{
			"from": [7.25, 15, 10],
			"to": [8.75, 17, 12],
			"rotation": {"angle": 22.5, "axis": "x", "origin": [8, 16, 10]},
			"faces": {
				"north": {"uv": [0, 0, 2, 2], "texture": "#0"},
				"east": {"uv": [4, 0, 6, 2], "texture": "#0"},
				"south": {"uv": [6, 0, 8, 2], "texture": "#0"},
				"west": {"uv": [4, 2, 6, 4], "texture": "#0"},
				"up": {"uv": [0, 0, 2, 2], "texture": "#0"},
				"down": {"uv": [0, 0, 2, 2], "texture": "#0"}
			}
		},
		{
			"from": [7, 3, 5],
			"to": [9, 5, 7],
			"rotation": {"angle": 0, "axis": "y", "origin": [8, 4, 6]},
			"faces": {
				"north": {"uv": [0, 0, 2, 2], "texture": "#0"},
				"east": {"uv": [2, 0, 4, 2], "texture": "#0"},
				"south": {"uv": [0, 0, 2, 2], "texture": "#0"},
				"west": {"uv": [2, 0, 4, 2], "texture": "#0"},
				"up": {"uv": [0, 0, 2, 2], "texture": "#0"},
				"down": {"uv": [0, 0, 2, 2], "texture": "#0"}
			}
		},
		{
			"from": [7.25, 3, 4],
			"to": [8.75, 5, 6],
			"rotation": {"angle": 22.5, "axis": "x", "origin": [8, 4, 6]},
			"faces": {
				"north": {"uv": [0, 0, 2, 2], "texture": "#0"},
				"east": {"uv": [4, 0, 6, 2], "texture": "#0"},
				"south": {"uv": [6, 0, 8, 2], "texture": "#0"},
				"west": {"uv": [4, 2, 6, 4], "texture": "#0"},
				"up": {"uv": [0, 0, 2, 2], "texture": "#0"},
				"down": {"uv": [0, 0, 2, 2], "texture": "#0"}
			}
		}
	],
	"display": {
		"thirdperson_righthand": {
			"rotation": [21.52, 10.72, -167.8],
			"translation": [-0.25, 1.5, 2.25]
		},
		"thirdperson_lefthand": {
			"rotation": [60.72, -2.93, 179.83],
			"translation": [0, -4.5, -2.75]
		},
		"firstperson_righthand": {
			"rotation": [-23.02, -5.98, 13.78],
			"translation": [1.75, 0.75, 0],
			"scale": [1.42188, 1.51953, 1.12891]
		},
		"firstperson_lefthand": {
			"rotation": [0, 33, -179.75],
			"translation": [4, -2.25, 0]
		},
		"ground": {
			"rotation": [9.27, 8.13, 82.6]
		},
		"gui": {
			"rotation": [36.36, -42.72, 37.78],
			"translation": [1, -1.75, 0],
			"scale": [1.49219, 1.31836, 1.39258]
		},
		"head": {
			"rotation": [-63.24, 8.56, 16.45],
			"translation": [0, 10.25, 0]
		},
		"fixed": {
			"rotation": [90, -57.75, 90],
			"translation": [1.25, -1.75, 0]
		}
	}
}